"tank_id","protocol","SGR","TGC","final_survival"
"T1","Protocol A",1.83102048111352,0.318002131288797,50
"T2","Protocol C",1.54922659770696,0.261666145679493,10
"T3","Protocol A",1.86765199231147,0.326122858550813,60
